bad	4.894132851528028	5.093736827355603	5.0645312805806935
bag	4.995233714682542	4.841375318833116	4.821210106322916
ball	5.005130050741687	4.940198161249859	4.913112638922363
chairman	5.196091279744295	4.965362447221532	5.3062367322033985
contemplation	5.2073456160935105	4.99433299505241	5.229685714081026
delightful	5.339672463901326	4.859603420764666	5.118613015612327
disgusting	4.965716232709843	5.017635423635389	5.030449148016895
donkey	5.088630378912006	4.877898519212347	4.868095627543371
evil	4.946577148778967	5.1319387254810085	5.201773448460154
excellent	5.298596179757418	4.850034815103148	5.165250497145284
face	5.014626402871146	4.963214482188462	4.931609847576868
fiction	5.169925813976955	4.988584656391596	5.218875022737368
fortunate	5.126721745219027	5.076082179264315	5.218459400235352
gas	5.119176970135881	4.779501202474816	4.909444597378411
good	5.118195311847279	5.00265448349035	5.132054426176031
happy	5.204531572877183	4.998532925004917	5.145110936069493
hate	4.881477547765416	5.164820789592558	5.01775814612999
horrible	4.769231551509355	5.148586299638135	4.951803122490142
lane	5.091039953897339	4.8506883147382105	4.913549422420942
love	5.1004822136918575	5.046760551555152	5.089913608519526
lovely	5.222270125137764	4.8990481399828285	5.025465825157226
multitude	5.0467077640007645	5.0688724890398555	5.144247581919474
ounce	5.062633054888332	4.808190612769023	4.936800447071584
part	5.145834704304323	4.917119453448363	5.174071713378212
perfect	5.204061042745054	4.945377517057944	5.205901242893291
pin	5.040705662234199	4.767502094426211	4.832569948003173
pleasant	5.242750335830834	4.84766947183796	4.993519310760514
poor	4.958402260573997	5.022054998210258	4.976954163089937
quilt	5.09394961599569	4.810144982392363	4.903615361009442
relationship	5.114878400113653	5.04331045764676	5.239249995881699
risk	4.902909745091948	5.136315024728154	5.084153355797862
savage	4.9249045255405965	5.138110135961695	5.096739960103193
stroke	4.889286645782855	5.058784077010653	4.9487891758942695
tree	5.118666719826498	4.793504922807882	4.925582284565643
twist	4.981406955058446	4.868525400908791	4.841532828266945
unfortunate	4.957835552637381	5.161001755452275	5.177253547397705
unhappy	4.936521325285767	5.147049372057359	5.100196145355656
unpleasant	5.016041851289757	5.024499295848917	5.039601372848948
word	5.058521058332774	5.032486394547668	5.141994023530406
