bad	6.132500000000001	3.6181249999999996	5.79125
bag	4.9975	3.61875	5.253125
ball	5.2375	4.338125	5.27875
chairman	4.7787500000000005	3.6799999999999997	4.976875
contemplation	5.953124999999999	3.981874999999999	5.628124999999999
delightful	6.5337499999999995	4.421875000000001	5.623749999999999
disgusting	4.060625	4.62375	4.676875
donkey	5.4368750000000015	4.194375	5.286250000000001
evil	4.59125	4.601875	5.108124999999999
excellent	5.9175	4.0406249999999995	5.586874999999999
face	5.37875	3.8731250000000004	5.639375
fiction	5.443125	4.4556249999999995	5.369375
fortunate	6.096875	3.971875	5.923749999999999
gas	5.163749999999999	4.065625	4.98
good	6.340625000000001	3.7268749999999997	6.035
happy	6.269375	4.173125000000001	5.935
hate	4.765	4.430625	5.173125000000001
horrible	3.30875	5.1693750000000005	3.911875
lane	5.425	3.7106250000000003	5.19375
love	6.22875	4.6875	5.745625
lovely	6.450624999999999	4.270625	5.631874999999999
multitude	5.01875	4.504999999999999	5.188124999999999
ounce	5.313125	3.7725	5.345000000000001
part	5.9925	3.72125	5.775625
perfect	6.2225	3.794375	5.847499999999999
pin	5.224374999999999	4.040625	5.405625
pleasant	6.573124999999999	4.154375	5.951874999999999
poor	5.3075	4.269375	5.2299999999999995
quilt	5.439375	3.7775	5.588750000000001
relationship	6.051875000000001	4.52625	5.59125
risk	4.6987499999999995	4.721250000000001	4.96875
savage	3.6487499999999993	5.496875000000001	4.14875
stroke	4.829375000000001	4.645625	5.017500000000001
tree	5.8118750000000015	3.48625	5.521875
twist	4.940625	3.865	5.04875
unfortunate	4.078749999999999	4.435625	4.4868749999999995
unhappy	5.286250000000001	4.528125	5.261875000000001
unpleasant	5.196875	4.18375	5.0649999999999995
word	5.806250000000001	3.6968750000000004	5.746250000000001
