bad	3.9568434	5.0053477	4.171995
bag	4.863765	3.654312	4.048334
ball	5.8317423	5.393509	5.3803606
chairman	5.892469	4.588713	6.4303823
contemplation	6.968735	4.3533506	6.0528502
delightful	8.791409	4.36411	6.2389197
disgusting	2.2088747	5.7265224	3.4204812
donkey	5.5072374	4.931866	4.404809
evil	3.9475315	5.746971	5.0480194
excellent	7.565819	4.333992	6.291209
face	5.5137506	4.6480393	4.819329
fiction	5.886026	5.5910935	5.893121
fortunate	6.00999	5.8686705	5.968935
gas	5.4509854	4.263387	4.221949
good	6.4893866	4.6074605	5.3829784
happy	7.3876247	4.2706957	5.1553082
hate	3.697471	5.8234606	4.868339
horrible	1.8138237	7.0368347	3.8347182
lane	4.1562495	3.9626107	3.4612007
love	6.1838946	4.761098	5.067326
lovely	7.5550075	5.093133	5.938122
multitude	5.1993217	5.7478795	5.367946
ounce	5.6003413	4.68882	4.4364243
part	5.7253356	4.3630805	5.2972536
perfect	7.2599235	4.1393733	5.984229
pin	4.568571	3.6165185	3.833712
pleasant	7.417139	3.6469245	4.4526086
poor	4.490482	4.730571	4.1167474
quilt	5.434744	3.6052942	3.895538
relationship	6.1781454	4.3697968	5.5979652
risk	4.581213	6.415717	4.969878
savage	4.61961	6.1287813	5.5984116
stroke	4.5936613	6.186781	5.035885
tree	5.6457934	3.6207764	4.3578176
twist	3.7104073	5.1286807	4.177387
unfortunate	3.732134	6.2099	4.736245
unhappy	3.2584736	6.178112	3.633024
unpleasant	3.7299414	4.495914	2.7672975
word	5.335371	4.241897	4.8446507
